<?xml version="1.0" encoding="UTF-8"?>
<beans xmlns="http://www.springframework.org/schema/beans"
       xmlns:xsi="http://www.w3.org/2001/XMLSchema-instance"
       xmlns:context="http://www.springframework.org/schema/context"
       xmlns:task="http://www.springframework.org/schema/task"
       xsi:schemaLocation="http://www.springframework.org/schema/beans http://www.springframework.org/schema/beans/spring-beans-4.0.xsd http://www.springframework.org/schema/context http://www.springframework.org/schema/context/spring-context.xsd http://www.springframework.org/schema/task http://www.springframework.org/schema/task/spring-task.xsd">

    <!-- 配置线程池 -->
    <bean id="taskExecutor"
          class="org.springframework.scheduling.concurrent.ThreadPoolTaskExecutor">
        <!-- 线程池维护线程的最少数量 -->
        <property name="corePoolSize" value="5"/>
        <!-- 线程池维护线程所允许的空闲时间 -->
        <property name="keepAliveSeconds" value="300"/>
        <!-- 线程池维护线程的最大数量 -->
        <property name="maxPoolSize" value="50"/>
        <!-- 线程池所使用的缓冲队列 -->
        <property name="queueCapacity" value="500"/>
    </bean>

    <!--TASk 定时任务-->
    <task:annotation-driven/>
    <context:component-scan base-package="com.ants.monitor.controller.task">
    </context:component-scan>

    <!--初始化SpringApplication-->
    <bean id="springContextsUtil" class="com.ants.monitor.common.tools.SpringContextsUtil" lazy-init="false"></bean>

    <!--暂时注释掉，调试前端-->
    <!-- 当Spring容器启动完成后执行下面的这个Bean -->
    <bean class="com.ants.monitor.biz.support.processor.RegistryContainerProcessor"/>



</beans>
