<?xml version="1.0" encoding="UTF-8"?>
<beans xmlns="http://www.springframework.org/schema/beans"
       xmlns:xsi="http://www.w3.org/2001/XMLSchema-instance"
       xsi:schemaLocation="
            http://www.springframework.org/schema/beans http://www.springframework.org/schema/beans/spring-beans.xsd
            ">
    <!--redis数据源配置-->

    <bean id="jedisPoolConfig" class="redis.clients.jedis.JedisPoolConfig">
        <property name="maxTotal" value="2000"/> <!-- 控制一个pool可分配多少个jedis实例 -->
        <property name="maxIdle" value="500" />   <!-- 控制一个pool最多有多少个状态为idle(空闲)的jedis实例 -->
        <property name="maxWaitMillis" value="40000" />  <!-- 表示当borrow一个jedis实例时，最大的等待时间，如果超过等待时间，则直接抛出JedisConnectionException -->
        <property name="testOnBorrow" value="true" /> <!-- 在borrow一个jedis实例时，是否提前进行validate操作；如果为true，则得到的jedis实例均是可用的 -->
        <property name="testOnReturn" value="true" /><!--指明是否在从池中取出连接前进行检验,如果检验失败,则从池中去除连接并尝试取出另一个 -->
    </bean>

    <bean id="shardedJedisPool" class="redis.clients.jedis.ShardedJedisPool"  scope="singleton">
        <constructor-arg index="0" ref="jedisPoolConfig" />
        <constructor-arg index="1">
            <list>
                <!--参考http://my.oschina.net/wisedream/blog/478217-->
                <bean class="redis.clients.jedis.JedisShardInfo">
                    <constructor-arg index="0" value="${redis.host}" />
                    <constructor-arg  index="1" value="${redis.port}" type="int" />
                </bean>

            </list>
        </constructor-arg>
    </bean>
</beans>