<?xml version="1.0" encoding="UTF-8"?>
<beans xmlns="http://www.springframework.org/schema/beans"
       xmlns:xsi="http://www.w3.org/2001/XMLSchema-instance"
       xsi:schemaLocation="http://www.springframework.org/schema/beans
      http://www.springframework.org/schema/beans/spring-beans.xsd">
    <!--数据均走redis-移除数据源配置+mybatis-->

    <bean id="dataSource" class="com.alibaba.druid.pool.DruidDataSource"
          init-method="init" destroy-method="close">
        <property name="driverClassName" value="com.mysql.jdbc.Driver"/>
        <property name="url" value="${jdbc.url}"/>
        <property name="username" value="${jdbc.username}"/>
        <property name="password" value="${jdbc.password}"/>
        <property name="maxActive" value="20"/>
        <property name="minIdle" value="5"/>
        <property name="initialSize" value="5"/>
        <property name="validationQuery" value="SELECT 1"/>
        <property name="testOnBorrow" value="false"/>
        <property name="testOnReturn" value="false"/>
        <property name="testWhileIdle" value="true"/>
        <property name="timeBetweenEvictionRunsMillis" value="60000"/>
        <property name="minEvictableIdleTimeMillis" value="300000"/>
        <property name="defaultAutoCommit" value="true"/>
        <property name="removeAbandoned" value="true"/>
        <property name="removeAbandonedTimeout" value="600"/>
        <property name="logAbandoned" value="true"/>
        <!--sql监控，合并sql配置-->
        <property name="filters" value="mergeStat"/>
        <!--mysql版本号5.5以上建议开启PSCache-->
        <property name="poolPreparedStatements" value="true"/>
        <property name="maxOpenPreparedStatements" value="100"/>
    </bean>

    <bean id="sqlSessionFactory" class="org.mybatis.spring.SqlSessionFactoryBean">
        <!-- 自动扫描entity目录, 省掉Configuration.xml里的手工配置 -->
        <property name="typeAliasesPackage" value="com.ants.monitor.bean.entity"/>
        <!-- 显式指定Mapper文件位置 -->
        <property name="mapperLocations" value="classpath*:/mapper/*.xml"/>
        <property name="dataSource" ref="dataSource"/>
    </bean>

    <bean id="sqlTemplate" class="org.mybatis.spring.SqlSessionTemplate">
        <constructor-arg index="0" ref="sqlSessionFactory"/>
    </bean>

    <!-- 扫描basePackage下 所有以@MyBatisRepository标识的 接口  -->
    <bean class="org.mybatis.spring.mapper.MapperScannerConfigurer">
        <property name="sqlSessionFactoryBeanName" value="sqlSessionFactory"/>
        <property name="basePackage" value="com.ants.monitor.dao.mapper"/>
        <!--<property name="annotationClass" value="com.ants.monitor.dao.MyBatisRepository"/>-->
    </bean>


</beans>