<?xml version="1.0" encoding="UTF-8"?>
<beans xmlns="http://www.springframework.org/schema/beans"
       xmlns:xsi="http://www.w3.org/2001/XMLSchema-instance"
       xmlns:context="http://www.springframework.org/schema/context"
       xsi:schemaLocation="http://www.springframework.org/schema/beans http://www.springframework.org/schema/beans/spring-beans-3.0.xsd
      		http://www.springframework.org/schema/context http://www.springframework.org/schema/context/spring-context-3.0.xsd">

    <!--业务库-->
    <bean id="redisLink" class="com.zsCat.common.base.RedisLink">
        <constructor-arg name="address" value="${redis.ip}"/>
        <constructor-arg name="port" value="${redis.port}"/>
        <constructor-arg name="pwd" value="${redis.pwd}"/>
    </bean>
    <!--fc系库-->
    <bean id="fcRedisLink" class="com.zsCat.common.base.RedisLink">
        <constructor-arg name="address" value="${fc_redis.ip}"/>
        <constructor-arg name="port" value="${fc_redis.port}"/>
        <constructor-arg name="pwd" value="${fc_redis.pwd}"/>
    </bean>

</beans>
