<?xml version="1.0" encoding="UTF-8" ?>
<!DOCTYPE mapper PUBLIC "-//mybatis.org//DTD Mapper 3.0//EN" "http://mybatis.org/dtd/mybatis-3-mapper.dtd" >
<mapper namespace="com.zscat.cms.mapper.CmsSiteMapper" >
  <resultMap id="BaseResultMap" type="com.zscat.cms.model.CmsSite" >
    <!--
      WARNING - @mbg.generated
    -->
    <id column="id" property="id" jdbcType="BIGINT" />
    <result column="copyright" property="copyright" jdbcType="VARCHAR" />
    <result column="description" property="description" jdbcType="VARCHAR" />
    <result column="keywords" property="keywords" jdbcType="VARCHAR" />
    <result column="logo" property="logo" jdbcType="VARCHAR" />
    <result column="name" property="name" jdbcType="VARCHAR" />
    <result column="theme" property="theme" jdbcType="VARCHAR" />
    <result column="title" property="title" jdbcType="VARCHAR" />
  </resultMap>
</mapper>