<?xml version="1.0" encoding="UTF-8" ?>
<!DOCTYPE mapper PUBLIC "-//mybatis.org//DTD Mapper 3.0//EN" "http://mybatis.org/dtd/mybatis-3-mapper.dtd" >
<mapper namespace="com.zscat.cms.mapper.GwNavMapper" >
  <resultMap id="BaseResultMap" type="com.zscat.cms.model.GwNav" >
    <!--
      WARNING - @mbg.generated
    -->
    <id column="id" property="id" jdbcType="BIGINT" />
    <result column="addTime" property="addtime" jdbcType="TIMESTAMP" />
    <result column="display" property="display" jdbcType="BIT" />
    <result column="location" property="location" jdbcType="INTEGER" />
    <result column="new_win" property="newWin" jdbcType="INTEGER" />
    <result column="sequence" property="sequence" jdbcType="INTEGER" />
    <result column="title" property="title" jdbcType="VARCHAR" />
    <result column="type" property="type" jdbcType="VARCHAR" />
    <result column="url" property="url" jdbcType="VARCHAR" />
    <result column="original_url" property="originalUrl" jdbcType="VARCHAR" />
  </resultMap>
</mapper>