<?xml version="1.0" encoding="UTF-8" ?>
<!DOCTYPE mapper PUBLIC "-//mybatis.org//DTD Mapper 3.0//EN" "http://mybatis.org/dtd/mybatis-3-mapper.dtd" >
<mapper namespace="com.zscat.cms.mapper.GwProductMapper" >
  <resultMap id="BaseResultMap" type="com.zscat.cms.model.GwProduct" >
    <!--
      WARNING - @mbg.generated
    -->
    <id column="id" property="id" jdbcType="BIGINT" />
    <result column="title" property="title" jdbcType="VARCHAR" />
    <result column="tag" property="tag" jdbcType="VARCHAR" />
    <result column="addTime" property="addtime" jdbcType="TIMESTAMP" />
    <result column="clickHit" property="clickhit" jdbcType="INTEGER" />
    <result column="typeid" property="typeid" jdbcType="BIGINT" />
    <result column="img" property="img" jdbcType="VARCHAR" />
    <result column="typename" property="typename" jdbcType="VARCHAR" />
    <result column="type" property="type" jdbcType="VARCHAR" />
    <result column="remark" property="remark" jdbcType="LONGVARCHAR" />
    <result column="summary" property="summary" jdbcType="LONGVARCHAR" />
  </resultMap>
</mapper>