<?xml version="1.0" encoding="UTF-8" ?>
<!DOCTYPE mapper PUBLIC "-//mybatis.org//DTD Mapper 3.0//EN" "http://mybatis.org/dtd/mybatis-3-mapper.dtd" >
<mapper namespace="com.zscat.blog.mapper.BlogCommentMapper" >
  <resultMap id="BaseResultMap" type="com.zscat.blog.api.model.BlogComment" >
    <!--
      WARNING - @mbg.generated
    -->
    <id column="id" property="id" jdbcType="BIGINT" />
    <result column="userIp" property="userip" jdbcType="VARCHAR" />
    <result column="blogId" property="blogid" jdbcType="INTEGER" />
    <result column="content" property="content" jdbcType="VARCHAR" />
    <result column="commentDate" property="commentdate" jdbcType="TIMESTAMP" />
    <result column="state" property="state" jdbcType="INTEGER" />
    <result column="blogger_id" property="bloggerId" jdbcType="BIGINT" />
    <result column="title" property="title" jdbcType="VARCHAR" />
    <result column="blogger" property="blogger" jdbcType="VARCHAR" />
  </resultMap>
</mapper>