<?xml version="1.0" encoding="UTF-8" ?>
<!DOCTYPE mapper PUBLIC "-//mybatis.org//DTD Mapper 3.0//EN" "http://mybatis.org/dtd/mybatis-3-mapper.dtd" >
<mapper namespace="com.zscat.blog.mapper.BlogTemplateMapper" >
  <resultMap id="BaseResultMap" type="com.zscat.blog.api.model.BlogTemplate" >
    <!--
      WARNING - @mbg.generated
    -->
    <id column="id" property="id" jdbcType="INTEGER" />
    <result column="title" property="title" jdbcType="VARCHAR" />
    <result column="releaseDate" property="releasedate" jdbcType="TIMESTAMP" />
    <result column="clickHit" property="clickhit" jdbcType="INTEGER" />
    <result column="replyHit" property="replyhit" jdbcType="INTEGER" />
    <result column="keyWord" property="keyword" jdbcType="VARCHAR" />
    <result column="summary" property="summary" jdbcType="LONGVARCHAR" />
    <result column="content" property="content" jdbcType="LONGVARCHAR" />
  </resultMap>
</mapper>