<?xml version="1.0" encoding="UTF-8" ?>
<!DOCTYPE mapper PUBLIC "-//mybatis.org//DTD Mapper 3.0//EN" "http://mybatis.org/dtd/mybatis-3-mapper.dtd" >
<mapper namespace="com.zscat.blog.mapper.BloggerMapper" >
  <resultMap id="BaseResultMap" type="com.zscat.blog.api.model.Blogger" >
    <!--
      WARNING - @mbg.generated
    -->
    <id column="id" property="id" jdbcType="INTEGER" />
    <result column="userName" property="username" jdbcType="VARCHAR" />
    <result column="password" property="password" jdbcType="VARCHAR" />
    <result column="nickName" property="nickname" jdbcType="VARCHAR" />
    <result column="sign" property="sign" jdbcType="VARCHAR" />
    <result column="imageName" property="imagename" jdbcType="VARCHAR" />
    <result column="profile" property="profile" jdbcType="LONGVARCHAR" />
  </resultMap>
</mapper>