<?xml version="1.0" encoding="UTF-8" ?>
<!DOCTYPE mapper PUBLIC "-//mybatis.org//DTD Mapper 3.0//EN" "http://mybatis.org/dtd/mybatis-3-mapper.dtd" >
<mapper namespace="com.zscat.blog.mapper.BlogTypeMapper" >
  <resultMap id="BaseResultMap" type="com.zscat.blog.api.model.BlogType" >
    <!--
      WARNING - @mbg.generated
    -->
    <id column="id" property="id" jdbcType="INTEGER" />
    <result column="typeName" property="typename" jdbcType="VARCHAR" />
    <result column="orderNo" property="orderno" jdbcType="INTEGER" />
    <result column="create_by" property="createBy" jdbcType="VARCHAR" />
    <result column="create_date" property="createDate" jdbcType="TIMESTAMP" />
    <result column="update_by" property="updateBy" jdbcType="VARCHAR" />
    <result column="update_date" property="updateDate" jdbcType="TIMESTAMP" />
    <result column="remarks" property="remarks" jdbcType="VARCHAR" />
    <result column="del_flag" property="delFlag" jdbcType="CHAR" />
  </resultMap>
</mapper>